{"cameraMode":{"drawMode":0,"name":"Shaded","section":"Shading Mode"},"sceneLighting":true,"audioPlay":false,"sceneViewState":{"showFog":true,"showMaterialUpdate":false,"showSkybox":true,"showFlares":true,"showImageEffects":true,"showParticleSystems":true},"in2DMode":false,"pivot":{"x":-0.4622983932495117,"y":5.110363483428955,"z":2.1392836570739748},"rotation":{"x":-0.0283237025141716,"y":-0.4182063639163971,"z":-0.013049948960542679,"w":0.9078274965286255},"size":8.842443466186524,"orthographic":false}