{"cameraMode":{"drawMode":0,"name":"Shaded","section":"Shading Mode"},"sceneLighting":true,"audioPlay":false,"sceneViewState":{"showFog":true,"showMaterialUpdate":false,"showSkybox":true,"showFlares":true,"showImageEffects":true,"showParticleSystems":true},"in2DMode":false,"pivot":{"x":3.729764699935913,"y":2.2161309719085695,"z":-10.643088340759278},"rotation":{"x":-0.000012844695447711274,"y":1.0000698566436768,"z":-0.0033101567532867195,"w":0.003625492798164487},"size":11.813641548156739,"orthographic":false}